INSERT INTO public.liga (id_liga, nazev, zeme) VALUES (1, 'Premiere League', 'Anglie');
INSERT INTO public.liga (id_liga, nazev, zeme) VALUES (2, 'LaLiga', 'Spanelsko');
INSERT INTO public.liga (id_liga, nazev, zeme) VALUES (3, 'Serie A', 'Italie');
INSERT INTO public.liga (id_liga, nazev, zeme) VALUES (4, 'Ligue 1', 'Francie');
INSERT INTO public.liga (id_liga, nazev, zeme) VALUES (5, 'Legends League', 'Korea');

INSERT INTO public.klub (id_klub, id_liga, nazev) VALUES (1, 1, 'Liverpool');
INSERT INTO public.klub (id_klub, id_liga, nazev) VALUES (2, 1, 'Arsenal');
INSERT INTO public.klub (id_klub, id_liga, nazev) VALUES (3, 2, 'Real Madrid');
INSERT INTO public.klub (id_klub, id_liga, nazev) VALUES (4, 2, 'Barcelona');
INSERT INTO public.klub (id_klub, id_liga, nazev) VALUES (5, 3, 'Inter Milan');
INSERT INTO public.klub (id_klub, id_liga, nazev) VALUES (6, 3, 'AC Milan');
INSERT INTO public.klub (id_klub, id_liga, nazev) VALUES (7, 4, 'PSG');
INSERT INTO public.klub (id_klub, id_liga, nazev) VALUES (8, null, 'T1');

INSERT INTO public.stadion (id_klub, nazev, kapacita) VALUES (1, 'Anfield', 61276);
INSERT INTO public.stadion (id_klub, nazev, kapacita) VALUES (2, 'Emirates Stadium', 60704);
INSERT INTO public.stadion (id_klub, nazev, kapacita) VALUES (3, 'Santiago Bernabeu', 78297);
INSERT INTO public.stadion (id_klub, nazev, kapacita) VALUES (4, 'Estadi Olimpic Lluis Companys', 55926);
INSERT INTO public.stadion (id_klub, nazev, kapacita) VALUES (5, 'Stadio Giuseppe Maezza', 80018);
INSERT INTO public.stadion (id_klub, nazev, kapacita) VALUES (6, 'Stadio Giuseppe Maezza', 80018);

INSERT INTO public.trener (id_trener, jmeno, prijmeni, datum_narozeni, narodnost) VALUES (1, 'Arne', 'Slot', '1978-09-17', 'Nizozemsko');
INSERT INTO public.trener (id_trener, jmeno, prijmeni, datum_narozeni, narodnost) VALUES (2, 'Mikel', 'Arteta', '1982-03-26', 'Spanelsko');
INSERT INTO public.trener (id_trener, jmeno, prijmeni, datum_narozeni, narodnost) VALUES (3, 'Carlo', 'Ancelotti', '1959-07-10', 'Italie');
INSERT INTO public.trener (id_trener, jmeno, prijmeni, datum_narozeni, narodnost) VALUES (4, 'Hansi', 'Flick', '1965-02-24', 'Nemecko');
INSERT INTO public.trener (id_trener, jmeno, prijmeni, datum_narozeni, narodnost) VALUES (5, 'Simeone', 'Inzaghi', '1976-04-05', 'Italie');
INSERT INTO public.trener (id_trener, jmeno, prijmeni, datum_narozeni, narodnost) VALUES (6, 'Sergio', 'Conceicao', '1974-11-15', 'Portugalsko');
INSERT INTO public.trener (id_trener, jmeno, prijmeni, datum_narozeni, narodnost) VALUES (7, 'Xavi', 'Hernandez', '1980-01-25', 'Spanelsko');

INSERT INTO public.hrac (id_hrac, jmeno, prijmeni, datum_narozeni, narodnost, pozice) VALUES (1, 'Alisson', 'Becker', '1992-10-02', 'Brazilie', 'brankar');
INSERT INTO public.hrac (id_hrac, jmeno, prijmeni, datum_narozeni, narodnost, pozice) VALUES (2, 'Trent', 'Alexander-Arnold', '1998-10-07', 'Anglie', 'obrance');
INSERT INTO public.hrac (id_hrac, jmeno, prijmeni, datum_narozeni, narodnost, pozice) VALUES (3, 'Ibrahima', 'Konate', '1999-05-25', 'Francie', 'obrance');
INSERT INTO public.hrac (id_hrac, jmeno, prijmeni, datum_narozeni, narodnost, pozice) VALUES (4, 'Andrew', 'Robertson', '1994-03-11', 'Skotsko', 'obrance');
INSERT INTO public.hrac (id_hrac, jmeno, prijmeni, datum_narozeni, narodnost, pozice) VALUES (5, 'Virgil', 'van Dijk', '1991-07-08', 'Nizozemsko', 'obrance');
INSERT INTO public.hrac (id_hrac, jmeno, prijmeni, datum_narozeni, narodnost, pozice) VALUES (6, 'Ryan', 'Gravenberch', '2002-05-16', 'Nizozemsko', 'zaloznik');
INSERT INTO public.hrac (id_hrac, jmeno, prijmeni, datum_narozeni, narodnost, pozice) VALUES (7, 'Curtis', 'Jones', '2001-01-30', 'Anglie', 'zaloznik');
INSERT INTO public.hrac (id_hrac, jmeno, prijmeni, datum_narozeni, narodnost, pozice) VALUES (8, 'Alexis', 'Mac Allister', '1998-12-24', 'Argentina', 'zaloznik');
INSERT INTO public.hrac (id_hrac, jmeno, prijmeni, datum_narozeni, narodnost, pozice) VALUES (9, 'Luis', 'Diaz', '1997-01-13', 'Kolumbie', 'utocnik');
INSERT INTO public.hrac (id_hrac, jmeno, prijmeni, datum_narozeni, narodnost, pozice) VALUES (10, 'Mohamed', 'Salah', '1992-06-15', 'Egypt', 'utocnik');
INSERT INTO public.hrac (id_hrac, jmeno, prijmeni, datum_narozeni, narodnost, pozice) VALUES (11, 'Darwin', 'Nunez', '1999-06-24', 'Uruguay', 'utocnik');
INSERT INTO public.hrac (id_hrac, jmeno, prijmeni, datum_narozeni, narodnost, pozice) VALUES (12, 'David', 'Raya', '1995-09-15', 'Spanelsko', 'brankar');
INSERT INTO public.hrac (id_hrac, jmeno, prijmeni, datum_narozeni, narodnost, pozice) VALUES (13, 'Gabriel', 'Magalhaes', '1997-12-19', 'Brazilie', 'obrance');
INSERT INTO public.hrac (id_hrac, jmeno, prijmeni, datum_narozeni, narodnost, pozice) VALUES (14, 'William', 'Saliba', '2001-03-24', 'Francie', 'obrance');
INSERT INTO public.hrac (id_hrac, jmeno, prijmeni, datum_narozeni, narodnost, pozice) VALUES (15, 'Jurrien', 'Timber', '2001-06-17', 'Nizozemsko', 'obrance');
INSERT INTO public.hrac (id_hrac, jmeno, prijmeni, datum_narozeni, narodnost, pozice) VALUES (16, 'Ricardo', 'Callafiori', '2002-05-19', 'Italie', 'obrance');
INSERT INTO public.hrac (id_hrac, jmeno, prijmeni, datum_narozeni, narodnost, pozice) VALUES (17, 'Martin', 'Odegaard', '1998-12-17', 'Norsko', 'zaloznik');
INSERT INTO public.hrac (id_hrac, jmeno, prijmeni, datum_narozeni, narodnost, pozice) VALUES (18, 'Declan', 'Rice', '1999-01-14', 'Anglie', 'zaloznik');
INSERT INTO public.hrac (id_hrac, jmeno, prijmeni, datum_narozeni, narodnost, pozice) VALUES (19, 'Thomas', 'Partey', '1993-06-13', 'Ghana', 'zaloznik');
INSERT INTO public.hrac (id_hrac, jmeno, prijmeni, datum_narozeni, narodnost, pozice) VALUES (20, 'Kai', 'Havertz', '1999-06-11', 'Nemecko', 'utocnik');
INSERT INTO public.hrac (id_hrac, jmeno, prijmeni, datum_narozeni, narodnost, pozice) VALUES (21, 'Bukayo', 'Saka', '2001-09-05', 'Anglie', 'utocnik');
INSERT INTO public.hrac (id_hrac, jmeno, prijmeni, datum_narozeni, narodnost, pozice) VALUES (22, 'Leandro', 'Trossard', '1994-12-04', 'Belgie', 'utocnik');
INSERT INTO public.hrac (id_hrac, jmeno, prijmeni, datum_narozeni, narodnost, pozice) VALUES (23, 'Thibaut', 'Courtois', '1992-05-11', 'Belgie', 'brankar');
INSERT INTO public.hrac (id_hrac, jmeno, prijmeni, datum_narozeni, narodnost, pozice) VALUES (24, 'Antonio', 'Rudiger', '1993-03-03', 'Nemecko', 'obrance');
INSERT INTO public.hrac (id_hrac, jmeno, prijmeni, datum_narozeni, narodnost, pozice) VALUES (25, 'Lucas', 'Vazquez', '1991-07-01', 'Spanelsko', 'obrance');
INSERT INTO public.hrac (id_hrac, jmeno, prijmeni, datum_narozeni, narodnost, pozice) VALUES (26, 'Aurelien', 'Tchouameni', '2000-01-27', 'Francie', 'zaloznik');
INSERT INTO public.hrac (id_hrac, jmeno, prijmeni, datum_narozeni, narodnost, pozice) VALUES (27, 'Ferland', 'Mendy', '1995-06-28', 'Francie', 'obrance');
INSERT INTO public.hrac (id_hrac, jmeno, prijmeni, datum_narozeni, narodnost, pozice) VALUES (28, 'Jude', 'Bellingham', '2003-06-29', 'Anglie', 'zaloznik');
INSERT INTO public.hrac (id_hrac, jmeno, prijmeni, datum_narozeni, narodnost, pozice) VALUES (29, 'Eduardo', 'Camavinga', '2002-11-10', 'Francie', 'zaloznik');
INSERT INTO public.hrac (id_hrac, jmeno, prijmeni, datum_narozeni, narodnost, pozice) VALUES (30, 'Federico', 'Valverde', '1998-07-22', 'Uruguay', 'zaloznik');
INSERT INTO public.hrac (id_hrac, jmeno, prijmeni, datum_narozeni, narodnost, pozice) VALUES (31, 'Kylian', 'Mbappe', '1998-12-20', 'Francie', 'utocnik');
INSERT INTO public.hrac (id_hrac, jmeno, prijmeni, datum_narozeni, narodnost, pozice) VALUES (32, 'Rodrygo', 'Goes', '2001-01-09', 'Brazilie', 'utocnik');
INSERT INTO public.hrac (id_hrac, jmeno, prijmeni, datum_narozeni, narodnost, pozice) VALUES (33, 'Vinicius', 'Oliveira Junior', '2000-07-12', 'Brazilie', 'utocnik');
INSERT INTO public.hrac (id_hrac, jmeno, prijmeni, datum_narozeni, narodnost, pozice) VALUES (34, 'Inaki', 'Pena', '1999-03-02', 'Spanelsko', 'brankar');
INSERT INTO public.hrac (id_hrac, jmeno, prijmeni, datum_narozeni, narodnost, pozice) VALUES (35, 'Alejandro', 'Balde', '2003-10-18', 'Spanelsko', 'obrance');
INSERT INTO public.hrac (id_hrac, jmeno, prijmeni, datum_narozeni, narodnost, pozice) VALUES (36, 'Pau', 'Cubarsi', '2007-01-22', 'Spanelsko', 'obrance');
INSERT INTO public.hrac (id_hrac, jmeno, prijmeni, datum_narozeni, narodnost, pozice) VALUES (37, 'Jules', 'Kounde', '1998-11-12', 'Francie', 'obrance');
INSERT INTO public.hrac (id_hrac, jmeno, prijmeni, datum_narozeni, narodnost, pozice) VALUES (38, 'Inigo', 'Martinez', '1991-05-17', 'Spanelsko', 'obrance');
INSERT INTO public.hrac (id_hrac, jmeno, prijmeni, datum_narozeni, narodnost, pozice) VALUES (39, 'Marc', 'Casado', '2003-09-14', 'Spanelsko', 'zaloznik');
INSERT INTO public.hrac (id_hrac, jmeno, prijmeni, datum_narozeni, narodnost, pozice) VALUES (40, 'Pedro', 'Gonzalez', '2002-11-25', 'Spanelsko', 'zaloznik');
INSERT INTO public.hrac (id_hrac, jmeno, prijmeni, datum_narozeni, narodnost, pozice) VALUES (41, 'Pablo', 'Gavira', '2004-08-05', 'Spanelsko', 'zaloznik');
INSERT INTO public.hrac (id_hrac, jmeno, prijmeni, datum_narozeni, narodnost, pozice) VALUES (42, 'Robert', 'Lewandowski', '1988-08-21', 'Polsko', 'utocnik');
INSERT INTO public.hrac (id_hrac, jmeno, prijmeni, datum_narozeni, narodnost, pozice) VALUES (43, 'Raphael', 'Belloli', '1996-12-14', 'Brazilie', 'utocnik');
INSERT INTO public.hrac (id_hrac, jmeno, prijmeni, datum_narozeni, narodnost, pozice) VALUES (44, 'Lamine', 'Yamal', '2007-07-13', 'Spanelsko', 'utocnik');
INSERT INTO public.hrac (id_hrac, jmeno, prijmeni, datum_narozeni, narodnost, pozice) VALUES (45, 'Yann', 'Sommer', '1988-12-17', 'Svycarsko', 'brankar');
INSERT INTO public.hrac (id_hrac, jmeno, prijmeni, datum_narozeni, narodnost, pozice) VALUES (46, 'Denzel', 'Dumfries', '1996-04-18', 'Nizozemsko', 'obrance');
INSERT INTO public.hrac (id_hrac, jmeno, prijmeni, datum_narozeni, narodnost, pozice) VALUES (47, 'Federico', 'Dimarco', '1997-11-10', 'Italie', 'obrance');
INSERT INTO public.hrac (id_hrac, jmeno, prijmeni, datum_narozeni, narodnost, pozice) VALUES (48, 'Alessandro', 'Bastoni', '1999-04-13', 'Italie', 'obrance');
INSERT INTO public.hrac (id_hrac, jmeno, prijmeni, datum_narozeni, narodnost, pozice) VALUES (49, 'Stefan', 'de Vrij', '1992-02-05', 'Nizozemsko', 'obrance');
INSERT INTO public.hrac (id_hrac, jmeno, prijmeni, datum_narozeni, narodnost, pozice) VALUES (50, 'Benjamin', 'Pavard', '1996-03-28', 'Francie', 'obrance');
INSERT INTO public.hrac (id_hrac, jmeno, prijmeni, datum_narozeni, narodnost, pozice) VALUES (51, 'Nicolo', 'Barella', '1997-02-07', 'Italie', 'zaloznik');
INSERT INTO public.hrac (id_hrac, jmeno, prijmeni, datum_narozeni, narodnost, pozice) VALUES (52, 'Henrikh', 'Mkhitaryan', '1989-01-21', 'Armenie', 'zaloznik');
INSERT INTO public.hrac (id_hrac, jmeno, prijmeni, datum_narozeni, narodnost, pozice) VALUES (53, 'Hakan', 'Calhanoglu', '1994-02-08', 'Turecko', 'zaloznik');
INSERT INTO public.hrac (id_hrac, jmeno, prijmeni, datum_narozeni, narodnost, pozice) VALUES (54, 'Marcus', 'Thuram', '1997-08-06', 'Francie', 'utocnik');
INSERT INTO public.hrac (id_hrac, jmeno, prijmeni, datum_narozeni, narodnost, pozice) VALUES (55, 'Lautaro', 'Martinez', '1997-08-22', 'Argentina', 'utocnik');
INSERT INTO public.hrac (id_hrac, jmeno, prijmeni, datum_narozeni, narodnost, pozice) VALUES (56, 'Mike', 'Maignan', '1995-07-03', 'Francie', 'brankar');
INSERT INTO public.hrac (id_hrac, jmeno, prijmeni, datum_narozeni, narodnost, pozice) VALUES (57, 'Emerson', 'Royal', '1999-01-14', 'Brazilie', 'obrance');
INSERT INTO public.hrac (id_hrac, jmeno, prijmeni, datum_narozeni, narodnost, pozice) VALUES (58, 'Theo', 'Hernandez', '1997-10-06', 'Francie', 'obrance');
INSERT INTO public.hrac (id_hrac, jmeno, prijmeni, datum_narozeni, narodnost, pozice) VALUES (59, 'Malick', 'Thiaw', '2001-08-08', 'Nemecko', 'obrance');
INSERT INTO public.hrac (id_hrac, jmeno, prijmeni, datum_narozeni, narodnost, pozice) VALUES (60, 'Youssouf', 'Fofana', '1999-01-10', 'Francie', 'zaloznik');
INSERT INTO public.hrac (id_hrac, jmeno, prijmeni, datum_narozeni, narodnost, pozice) VALUES (61, 'Tijani', 'Reijnders', '1998-07-29', 'Nizozemsko', 'zaloznik');
INSERT INTO public.hrac (id_hrac, jmeno, prijmeni, datum_narozeni, narodnost, pozice) VALUES (62, 'Ruben', 'Loftus-Cheek', '1996-01-23', 'Anglie', 'zaloznik');
INSERT INTO public.hrac (id_hrac, jmeno, prijmeni, datum_narozeni, narodnost, pozice) VALUES (63, 'Samuel', 'Chukwueze', '1999-05-22', 'Nigerie', 'utocnik');
INSERT INTO public.hrac (id_hrac, jmeno, prijmeni, datum_narozeni, narodnost, pozice) VALUES (64, 'Rafael', 'Leao', '1999-06-10', 'Portugalsko', 'utocnik');
INSERT INTO public.hrac (id_hrac, jmeno, prijmeni, datum_narozeni, narodnost, pozice) VALUES (65, 'Alvaro', 'Morata', '1992-10-23', 'Spanelsko', 'utocnik');
INSERT INTO public.hrac (id_hrac, jmeno, prijmeni, datum_narozeni, narodnost, pozice) VALUES (66, 'Christian', 'Pulisic', '1998-09-18', 'USA', 'utocnik');
INSERT INTO public.hrac (id_hrac, jmeno, prijmeni, datum_narozeni, narodnost, pozice) VALUES (67, 'Sergio', 'Ramos', '1986-03-30', 'Spanelsko', 'obrance');

INSERT INTO public.kontrakt (id_klub, id_hrac, id_trener, zacatek_kontraktu, konec_kontraktu) VALUES (1, 1, null, '2018-07-19', '2027-06-30');
INSERT INTO public.kontrakt (id_klub, id_hrac, id_trener, zacatek_kontraktu, konec_kontraktu) VALUES (1, 2, null, '2016-07-01', '2025-06-30');
INSERT INTO public.kontrakt (id_klub, id_hrac, id_trener, zacatek_kontraktu, konec_kontraktu) VALUES (1, 3, null, '2021-07-01', '2026-06-30');
INSERT INTO public.kontrakt (id_klub, id_hrac, id_trener, zacatek_kontraktu, konec_kontraktu) VALUES (1, 4, null, '2017-07-21', '2026-06-30');
INSERT INTO public.kontrakt (id_klub, id_hrac, id_trener, zacatek_kontraktu, konec_kontraktu) VALUES (1, 5, null, '2018-01-01', '2025-06-30');
INSERT INTO public.kontrakt (id_klub, id_hrac, id_trener, zacatek_kontraktu, konec_kontraktu) VALUES (1, 6, null, '2023-09-01', '2028-06-30');
INSERT INTO public.kontrakt (id_klub, id_hrac, id_trener, zacatek_kontraktu, konec_kontraktu) VALUES (1, 7, null, '2020-07-01', '2027-06-30');
INSERT INTO public.kontrakt (id_klub, id_hrac, id_trener, zacatek_kontraktu, konec_kontraktu) VALUES (1, 8, null, '2023-07-01', '2028-06-30');
INSERT INTO public.kontrakt (id_klub, id_hrac, id_trener, zacatek_kontraktu, konec_kontraktu) VALUES (1, 9, null, '2022-01-30', '2027-06-30');
INSERT INTO public.kontrakt (id_klub, id_hrac, id_trener, zacatek_kontraktu, konec_kontraktu) VALUES (1, 10, null, '2017-07-01', '2025-06-30');
INSERT INTO public.kontrakt (id_klub, id_hrac, id_trener, zacatek_kontraktu, konec_kontraktu) VALUES (1, 11, null, '2022-07-01', '2028-06-30');
INSERT INTO public.kontrakt (id_klub, id_hrac, id_trener, zacatek_kontraktu, konec_kontraktu) VALUES (1, null, 1, '2024-07-01', '2027-06-30');
INSERT INTO public.kontrakt (id_klub, id_hrac, id_trener, zacatek_kontraktu, konec_kontraktu) VALUES (2, 12, null, '2024-07-04', '2028-06-30');
INSERT INTO public.kontrakt (id_klub, id_hrac, id_trener, zacatek_kontraktu, konec_kontraktu) VALUES (2, 13, null, '2020-09-01', '2027-06-30');
INSERT INTO public.kontrakt (id_klub, id_hrac, id_trener, zacatek_kontraktu, konec_kontraktu) VALUES (2, 14, null, '2019-07-25', '2027-06-30');
INSERT INTO public.kontrakt (id_klub, id_hrac, id_trener, zacatek_kontraktu, konec_kontraktu) VALUES (2, 15, null, '2023-07-14', '2028-06-30');
INSERT INTO public.kontrakt (id_klub, id_hrac, id_trener, zacatek_kontraktu, konec_kontraktu) VALUES (2, 16, null, '2024-07-29', '2029-06-30');
INSERT INTO public.kontrakt (id_klub, id_hrac, id_trener, zacatek_kontraktu, konec_kontraktu) VALUES (2, 17, null, '2021-08-20', '2028-06-30');
INSERT INTO public.kontrakt (id_klub, id_hrac, id_trener, zacatek_kontraktu, konec_kontraktu) VALUES (2, 18, null, '2023-07-15', '2028-06-30');
INSERT INTO public.kontrakt (id_klub, id_hrac, id_trener, zacatek_kontraktu, konec_kontraktu) VALUES (2, 19, null, '2020-10-05', '2025-06-30');
INSERT INTO public.kontrakt (id_klub, id_hrac, id_trener, zacatek_kontraktu, konec_kontraktu) VALUES (2, 20, null, '2023-07-01', '2028-06-30');
INSERT INTO public.kontrakt (id_klub, id_hrac, id_trener, zacatek_kontraktu, konec_kontraktu) VALUES (2, 21, null, '2019-07-01', '2027-06-30');
INSERT INTO public.kontrakt (id_klub, id_hrac, id_trener, zacatek_kontraktu, konec_kontraktu) VALUES (2, 22, null, '2023-01-20', '2026-06-30');
INSERT INTO public.kontrakt (id_klub, id_hrac, id_trener, zacatek_kontraktu, konec_kontraktu) VALUES (2, null, 2, '2019-12-22', '2027-06-30');
INSERT INTO public.kontrakt (id_klub, id_hrac, id_trener, zacatek_kontraktu, konec_kontraktu) VALUES (3, 23, null, '2018-08-09', '2026-06-30');
INSERT INTO public.kontrakt (id_klub, id_hrac, id_trener, zacatek_kontraktu, konec_kontraktu) VALUES (3, 24, null, '2022-07-01', '2026-06-30');
INSERT INTO public.kontrakt (id_klub, id_hrac, id_trener, zacatek_kontraktu, konec_kontraktu) VALUES (3, 25, null, '2007-07-01', '2025-06-30');
INSERT INTO public.kontrakt (id_klub, id_hrac, id_trener, zacatek_kontraktu, konec_kontraktu) VALUES (3, 26, null, '2022-07-01', '2028-06-30');
INSERT INTO public.kontrakt (id_klub, id_hrac, id_trener, zacatek_kontraktu, konec_kontraktu) VALUES (3, 27, null, '2019-07-01', '2025-06-30');
INSERT INTO public.kontrakt (id_klub, id_hrac, id_trener, zacatek_kontraktu, konec_kontraktu) VALUES (3, 28, null, '2023-07-01', '2029-06-30');
INSERT INTO public.kontrakt (id_klub, id_hrac, id_trener, zacatek_kontraktu, konec_kontraktu) VALUES (3, 29, null, '2021-08-31', '2029-06-30');
INSERT INTO public.kontrakt (id_klub, id_hrac, id_trener, zacatek_kontraktu, konec_kontraktu) VALUES (3, 30, null, '2016-07-01', '2029-06-30');
INSERT INTO public.kontrakt (id_klub, id_hrac, id_trener, zacatek_kontraktu, konec_kontraktu) VALUES (3, 31, null, '2024-07-01', '2029-06-30');
INSERT INTO public.kontrakt (id_klub, id_hrac, id_trener, zacatek_kontraktu, konec_kontraktu) VALUES (3, 32, null, '2019-07-01', '2028-06-30');
INSERT INTO public.kontrakt (id_klub, id_hrac, id_trener, zacatek_kontraktu, konec_kontraktu) VALUES (3, 33, null, '2018-07-12', '2027-06-30');
INSERT INTO public.kontrakt (id_klub, id_hrac, id_trener, zacatek_kontraktu, konec_kontraktu) VALUES (3, null, 3, '2021-07-01', '2026-06-30');
INSERT INTO public.kontrakt (id_klub, id_hrac, id_trener, zacatek_kontraktu, konec_kontraktu) VALUES (4, 34, null, '2022-01-30', '2026-06-30');
INSERT INTO public.kontrakt (id_klub, id_hrac, id_trener, zacatek_kontraktu, konec_kontraktu) VALUES (4, 35, null, '2022-06-01', '2028-06-30');
INSERT INTO public.kontrakt (id_klub, id_hrac, id_trener, zacatek_kontraktu, konec_kontraktu) VALUES (4, 36, null, '2021-01-01', '2027-06-30');
INSERT INTO public.kontrakt (id_klub, id_hrac, id_trener, zacatek_kontraktu, konec_kontraktu) VALUES (4, 37, null, '2022-07-28', '2027-06-30');
INSERT INTO public.kontrakt (id_klub, id_hrac, id_trener, zacatek_kontraktu, konec_kontraktu) VALUES (4, 38, null, '2023-07-05', '2028-06-30');
INSERT INTO public.kontrakt (id_klub, id_hrac, id_trener, zacatek_kontraktu, konec_kontraktu) VALUES (4, 39, null, '2016-07-01', '2028-06-30');
INSERT INTO public.kontrakt (id_klub, id_hrac, id_trener, zacatek_kontraktu, konec_kontraktu) VALUES (4, 40, null, '2019-09-02', '2026-06-30');
INSERT INTO public.kontrakt (id_klub, id_hrac, id_trener, zacatek_kontraktu, konec_kontraktu) VALUES (4, 41, null, '2021-06-01', '2026-06-30');
INSERT INTO public.kontrakt (id_klub, id_hrac, id_trener, zacatek_kontraktu, konec_kontraktu) VALUES (4, 42, null, '2022-07-16', '2026-06-30');
INSERT INTO public.kontrakt (id_klub, id_hrac, id_trener, zacatek_kontraktu, konec_kontraktu) VALUES (4, 43, null, '2022-07-13', '2027-06-30');
INSERT INTO public.kontrakt (id_klub, id_hrac, id_trener, zacatek_kontraktu, konec_kontraktu) VALUES (4, 44, null, '2023-06-01', '2026-06-30');
INSERT INTO public.kontrakt (id_klub, id_hrac, id_trener, zacatek_kontraktu, konec_kontraktu) VALUES (4, null, 4, '2024-06-01', '2026-06-30');
INSERT INTO public.kontrakt (id_klub, id_hrac, id_trener, zacatek_kontraktu, konec_kontraktu) VALUES (5, 45, null, '2023-08-07', '2026-06-30');
INSERT INTO public.kontrakt (id_klub, id_hrac, id_trener, zacatek_kontraktu, konec_kontraktu) VALUES (5, 46, null, '2021-08-14', '2028-06-30');
INSERT INTO public.kontrakt (id_klub, id_hrac, id_trener, zacatek_kontraktu, konec_kontraktu) VALUES (5, 47, null, '2021-06-30', '2027-06-30');
INSERT INTO public.kontrakt (id_klub, id_hrac, id_trener, zacatek_kontraktu, konec_kontraktu) VALUES (5, 48, null, '2019-06-30', '2028-06-30');
INSERT INTO public.kontrakt (id_klub, id_hrac, id_trener, zacatek_kontraktu, konec_kontraktu) VALUES (5, 49, null, '2018-07-01', '2025-06-30');
INSERT INTO public.kontrakt (id_klub, id_hrac, id_trener, zacatek_kontraktu, konec_kontraktu) VALUES (5, 50, null, '2023-08-30', '2028-06-30');
INSERT INTO public.kontrakt (id_klub, id_hrac, id_trener, zacatek_kontraktu, konec_kontraktu) VALUES (5, 51, null, '2020-09-01', '2026-06-30');
INSERT INTO public.kontrakt (id_klub, id_hrac, id_trener, zacatek_kontraktu, konec_kontraktu) VALUES (5, 52, null, '2022-07-01', '2026-06-30');
INSERT INTO public.kontrakt (id_klub, id_hrac, id_trener, zacatek_kontraktu, konec_kontraktu) VALUES (5, 53, null, '2021-07-01', '2027-06-30');
INSERT INTO public.kontrakt (id_klub, id_hrac, id_trener, zacatek_kontraktu, konec_kontraktu) VALUES (5, 54, null, '2023-07-01', '2028-06-30');
INSERT INTO public.kontrakt (id_klub, id_hrac, id_trener, zacatek_kontraktu, konec_kontraktu) VALUES (5, 55, null, '2018-07-04', '2029-06-30');
INSERT INTO public.kontrakt (id_klub, id_hrac, id_trener, zacatek_kontraktu, konec_kontraktu) VALUES (5, null, 5, '2021-06-01', '2027-06-30');
INSERT INTO public.kontrakt (id_klub, id_hrac, id_trener, zacatek_kontraktu, konec_kontraktu) VALUES (6, 56, null, '2021-07-01', '2026-06-30');
INSERT INTO public.kontrakt (id_klub, id_hrac, id_trener, zacatek_kontraktu, konec_kontraktu) VALUES (6, 57, null, '2024-08-12', '2028-06-30');
INSERT INTO public.kontrakt (id_klub, id_hrac, id_trener, zacatek_kontraktu, konec_kontraktu) VALUES (6, 58, null, '2019-07-06', '2026-06-30');
INSERT INTO public.kontrakt (id_klub, id_hrac, id_trener, zacatek_kontraktu, konec_kontraktu) VALUES (6, 59, null, '2022-08-29', '2027-06-30');
INSERT INTO public.kontrakt (id_klub, id_hrac, id_trener, zacatek_kontraktu, konec_kontraktu) VALUES (6, 60, null, '2024-08-17', '2028-06-30');
INSERT INTO public.kontrakt (id_klub, id_hrac, id_trener, zacatek_kontraktu, konec_kontraktu) VALUES (6, 61, null, '2023-07-19', '2028-06-30');
INSERT INTO public.kontrakt (id_klub, id_hrac, id_trener, zacatek_kontraktu, konec_kontraktu) VALUES (6, 62, null, '2023-07-01', '2027-06-30');
INSERT INTO public.kontrakt (id_klub, id_hrac, id_trener, zacatek_kontraktu, konec_kontraktu) VALUES (6, 63, null, '2023-07-27', '2028-06-30');
INSERT INTO public.kontrakt (id_klub, id_hrac, id_trener, zacatek_kontraktu, konec_kontraktu) VALUES (6, 64, null, '2019-08-01', '2028-06-30');
INSERT INTO public.kontrakt (id_klub, id_hrac, id_trener, zacatek_kontraktu, konec_kontraktu) VALUES (6, 65, null, '2024-07-19', '2028-06-30');
INSERT INTO public.kontrakt (id_klub, id_hrac, id_trener, zacatek_kontraktu, konec_kontraktu) VALUES (6, 66, null, '2023-07-13', '2027-06-30');
INSERT INTO public.kontrakt (id_klub, id_hrac, id_trener, zacatek_kontraktu, konec_kontraktu) VALUES (6, null, 6, '2024-12-30', '2026-06-30');
INSERT INTO public.kontrakt (id_klub, id_hrac, id_trener, zacatek_kontraktu, konec_kontraktu) VALUES (3, 17, null, '2018-01-01', '2021-06-30');

INSERT INTO public.trofej (id_trofej, nazev) VALUES (1, 'English Premiere League');
INSERT INTO public.trofej (id_trofej, nazev) VALUES (2, 'LaLiga');
INSERT INTO public.trofej (id_trofej, nazev) VALUES (3, 'Scudetto');
INSERT INTO public.trofej (id_trofej, nazev) VALUES (4, 'Champions League');
INSERT INTO public.trofej (id_trofej, nazev) VALUES (5, 'FA cup');
INSERT INTO public.trofej (id_trofej, nazev) VALUES (6, 'Copa del Rey');
INSERT INTO public.trofej (id_trofej, nazev) VALUES (7, 'Coppa Italia');
INSERT INTO public.trofej (id_trofej, nazev) VALUES (8, 'Mickey Mouse');

INSERT INTO public.klub_trofej (id_klub, id_trofej, pocet) VALUES (1, 1, 19);
INSERT INTO public.klub_trofej (id_klub, id_trofej, pocet) VALUES (1, 4, 2);
INSERT INTO public.klub_trofej (id_klub, id_trofej, pocet) VALUES (1, 5, 8);
INSERT INTO public.klub_trofej (id_klub, id_trofej, pocet) VALUES (2, 1, 13);
INSERT INTO public.klub_trofej (id_klub, id_trofej, pocet) VALUES (2, 5, 14);
INSERT INTO public.klub_trofej (id_klub, id_trofej, pocet) VALUES (3, 2, 36);
INSERT INTO public.klub_trofej (id_klub, id_trofej, pocet) VALUES (3, 4, 9);
INSERT INTO public.klub_trofej (id_klub, id_trofej, pocet) VALUES (3, 6, 20);
INSERT INTO public.klub_trofej (id_klub, id_trofej, pocet) VALUES (4, 2, 27);
INSERT INTO public.klub_trofej (id_klub, id_trofej, pocet) VALUES (4, 4, 4);
INSERT INTO public.klub_trofej (id_klub, id_trofej, pocet) VALUES (4, 6, 31);
INSERT INTO public.klub_trofej (id_klub, id_trofej, pocet) VALUES (5, 3, 20);
INSERT INTO public.klub_trofej (id_klub, id_trofej, pocet) VALUES (5, 4, 1);
INSERT INTO public.klub_trofej (id_klub, id_trofej, pocet) VALUES (5, 7, 9);
INSERT INTO public.klub_trofej (id_klub, id_trofej, pocet) VALUES (6, 3, 19);
INSERT INTO public.klub_trofej (id_klub, id_trofej, pocet) VALUES (6, 4, 3);
INSERT INTO public.klub_trofej (id_klub, id_trofej, pocet) VALUES (6, 7, 5);
INSERT INTO public.klub_trofej (id_klub, id_trofej, pocet) VALUES (7, 8, 1);
INSERT INTO public.klub_trofej (id_klub, id_trofej, pocet) VALUES (4, 8, 12);
INSERT INTO public.klub_trofej (id_klub, id_trofej, pocet) VALUES (7, 1, 1);
INSERT INTO public.klub_trofej (id_klub, id_trofej, pocet) VALUES (7, 2, 1);
INSERT INTO public.klub_trofej (id_klub, id_trofej, pocet) VALUES (7, 3, 1);
INSERT INTO public.klub_trofej (id_klub, id_trofej, pocet) VALUES (7, 4, 1);
INSERT INTO public.klub_trofej (id_klub, id_trofej, pocet) VALUES (7, 5, 1);
INSERT INTO public.klub_trofej (id_klub, id_trofej, pocet) VALUES (7, 6, 1);
INSERT INTO public.klub_trofej (id_klub, id_trofej, pocet) VALUES (7, 7, 1);

INSERT INTO public.zapas (id_zapas, id_domaci_klub, id_hostujici_klub, datum_zapasu) VALUES (1, 6, 1, '2024-09-17');
INSERT INTO public.zapas (id_zapas, id_domaci_klub, id_hostujici_klub, datum_zapasu) VALUES (2, 2, 1, '2024-10-27');
INSERT INTO public.zapas (id_zapas, id_domaci_klub, id_hostujici_klub, datum_zapasu) VALUES (3, 1, 3, '2024-11-27');
INSERT INTO public.zapas (id_zapas, id_domaci_klub, id_hostujici_klub, datum_zapasu) VALUES (4, 5, 2, '2024-11-06');
INSERT INTO public.zapas (id_zapas, id_domaci_klub, id_hostujici_klub, datum_zapasu) VALUES (5, 1, 2, '2025-05-10');
INSERT INTO public.zapas (id_zapas, id_domaci_klub, id_hostujici_klub, datum_zapasu) VALUES (6, 4, 3, '2025-05-11');
INSERT INTO public.zapas (id_zapas, id_domaci_klub, id_hostujici_klub, datum_zapasu) VALUES (7, 3, 4, '2024-10-26');
INSERT INTO public.zapas (id_zapas, id_domaci_klub, id_hostujici_klub, datum_zapasu) VALUES (8, 3, 6, '2024-11-05');
INSERT INTO public.zapas (id_zapas, id_domaci_klub, id_hostujici_klub, datum_zapasu) VALUES (9, 6, 5, '2025-02-02');
INSERT INTO public.zapas (id_zapas, id_domaci_klub, id_hostujici_klub, datum_zapasu) VALUES (10, 5, 6, '2024-09-22');

INSERT INTO public.zapas_hrac (id_zapas, id_hrac, gol, asistence, zluta_karta, cervena_karta) VALUES (1, 66, 1, null, null, null);
INSERT INTO public.zapas_hrac (id_zapas, id_hrac, gol, asistence, zluta_karta, cervena_karta) VALUES (1, 60, null, null, 1, null);
INSERT INTO public.zapas_hrac (id_zapas, id_hrac, gol, asistence, zluta_karta, cervena_karta) VALUES (1, 3, 1, null, 1, null);
INSERT INTO public.zapas_hrac (id_zapas, id_hrac, gol, asistence, zluta_karta, cervena_karta) VALUES (1, 5, 1, null, null, null);
INSERT INTO public.zapas_hrac (id_zapas, id_hrac, gol, asistence, zluta_karta, cervena_karta) VALUES (1, 2, null, 1, null, null);
INSERT INTO public.zapas_hrac (id_zapas, id_hrac, gol, asistence, zluta_karta, cervena_karta) VALUES (1, 8, null, null, 1, null);
INSERT INTO public.zapas_hrac (id_zapas, id_hrac, gol, asistence, zluta_karta, cervena_karta) VALUES (2, 21, 1, null, null, null);
INSERT INTO public.zapas_hrac (id_zapas, id_hrac, gol, asistence, zluta_karta, cervena_karta) VALUES (2, 5, 1, null, null, null);
INSERT INTO public.zapas_hrac (id_zapas, id_hrac, gol, asistence, zluta_karta, cervena_karta) VALUES (2, 18, null, 1, null, null);
INSERT INTO public.zapas_hrac (id_zapas, id_hrac, gol, asistence, zluta_karta, cervena_karta) VALUES (2, 12, null, null, 1, null);
INSERT INTO public.zapas_hrac (id_zapas, id_hrac, gol, asistence, zluta_karta, cervena_karta) VALUES (2, 9, null, 1, null, null);
INSERT INTO public.zapas_hrac (id_zapas, id_hrac, gol, asistence, zluta_karta, cervena_karta) VALUES (2, 8, null, null, 1, null);
INSERT INTO public.zapas_hrac (id_zapas, id_hrac, gol, asistence, zluta_karta, cervena_karta) VALUES (2, 11, null, 1, 1, null);
INSERT INTO public.zapas_hrac (id_zapas, id_hrac, gol, asistence, zluta_karta, cervena_karta) VALUES (2, 10, 1, null, null, null);
INSERT INTO public.zapas_hrac (id_zapas, id_hrac, gol, asistence, zluta_karta, cervena_karta) VALUES (3, 8, 1, null, 1, null);
INSERT INTO public.zapas_hrac (id_zapas, id_hrac, gol, asistence, zluta_karta, cervena_karta) VALUES (3, 11, null, null, 1, null);
INSERT INTO public.zapas_hrac (id_zapas, id_hrac, gol, asistence, zluta_karta, cervena_karta) VALUES (3, 6, null, null, 1, null);
INSERT INTO public.zapas_hrac (id_zapas, id_hrac, gol, asistence, zluta_karta, cervena_karta) VALUES (3, 4, null, 1, null, null);
INSERT INTO public.zapas_hrac (id_zapas, id_hrac, gol, asistence, zluta_karta, cervena_karta) VALUES (3, 27, null, null, 1, null);
INSERT INTO public.zapas_hrac (id_zapas, id_hrac, gol, asistence, zluta_karta, cervena_karta) VALUES (4, 55, null, null, 1, null);
INSERT INTO public.zapas_hrac (id_zapas, id_hrac, gol, asistence, zluta_karta, cervena_karta) VALUES (4, 53, 1, null, null, null);
INSERT INTO public.zapas_hrac (id_zapas, id_hrac, gol, asistence, zluta_karta, cervena_karta) VALUES (4, 51, null, null, 1, null);
INSERT INTO public.zapas_hrac (id_zapas, id_hrac, gol, asistence, zluta_karta, cervena_karta) VALUES (4, 13, null, null, 1, null);
INSERT INTO public.zapas_hrac (id_zapas, id_hrac, gol, asistence, zluta_karta, cervena_karta) VALUES (7, 42, 2, null, null, null);
INSERT INTO public.zapas_hrac (id_zapas, id_hrac, gol, asistence, zluta_karta, cervena_karta) VALUES (7, 43, 1, null, null, null);
INSERT INTO public.zapas_hrac (id_zapas, id_hrac, gol, asistence, zluta_karta, cervena_karta) VALUES (7, 44, 1, null, null, null);
INSERT INTO public.zapas_hrac (id_zapas, id_hrac, gol, asistence, zluta_karta, cervena_karta) VALUES (7, 33, null, null, 1, 1);
INSERT INTO public.zapas_hrac (id_zapas, id_hrac, gol, asistence, zluta_karta, cervena_karta) VALUES (7, 34, null, null, 1, null);
INSERT INTO public.zapas_hrac (id_zapas, id_hrac, gol, asistence, zluta_karta, cervena_karta) VALUES (7, 37, null, null, 1, null);
INSERT INTO public.zapas_hrac (id_zapas, id_hrac, gol, asistence, zluta_karta, cervena_karta) VALUES (7, 38, null, null, 1, null);
INSERT INTO public.zapas_hrac (id_zapas, id_hrac, gol, asistence, zluta_karta, cervena_karta) VALUES (7, 39, null, null, 1, null);
INSERT INTO public.zapas_hrac (id_zapas, id_hrac, gol, asistence, zluta_karta, cervena_karta) VALUES (7, 41, null, null, 1, null);
INSERT INTO public.zapas_hrac (id_zapas, id_hrac, gol, asistence, zluta_karta, cervena_karta) VALUES (8, 33, null, 1, 1, null);
INSERT INTO public.zapas_hrac (id_zapas, id_hrac, gol, asistence, zluta_karta, cervena_karta) VALUES (8, 25, null, null, 1, null);
INSERT INTO public.zapas_hrac (id_zapas, id_hrac, gol, asistence, zluta_karta, cervena_karta) VALUES (8, 29, null, null, 1, null);
INSERT INTO public.zapas_hrac (id_zapas, id_hrac, gol, asistence, zluta_karta, cervena_karta) VALUES (8, 65, 1, null, null, null);
INSERT INTO public.zapas_hrac (id_zapas, id_hrac, gol, asistence, zluta_karta, cervena_karta) VALUES (8, 61, 1, null, null, null);
INSERT INTO public.zapas_hrac (id_zapas, id_hrac, gol, asistence, zluta_karta, cervena_karta) VALUES (8, 59, 1, null, null, null);
INSERT INTO public.zapas_hrac (id_zapas, id_hrac, gol, asistence, zluta_karta, cervena_karta) VALUES (8, 60, null, null, 1, null);
INSERT INTO public.zapas_hrac (id_zapas, id_hrac, gol, asistence, zluta_karta, cervena_karta) VALUES (8, 66, null, 1, null, null);
INSERT INTO public.zapas_hrac (id_zapas, id_hrac, gol, asistence, zluta_karta, cervena_karta) VALUES (8, 64, null, 2, null, null);
INSERT INTO public.zapas_hrac (id_zapas, id_hrac, gol, asistence, zluta_karta, cervena_karta) VALUES (10, 66, 1, null, null, null);
INSERT INTO public.zapas_hrac (id_zapas, id_hrac, gol, asistence, zluta_karta, cervena_karta) VALUES (10, 60, null, null, 1, null);
INSERT INTO public.zapas_hrac (id_zapas, id_hrac, gol, asistence, zluta_karta, cervena_karta) VALUES (10, 52, null, null, 1, null);
INSERT INTO public.zapas_hrac (id_zapas, id_hrac, gol, asistence, zluta_karta, cervena_karta) VALUES (10, 53, null, null, 1, null);
INSERT INTO public.zapas_hrac (id_zapas, id_hrac, gol, asistence, zluta_karta, cervena_karta) VALUES (10, 55, null, 1, null, null);
INSERT INTO public.zapas_hrac (id_zapas, id_hrac, gol, asistence, zluta_karta, cervena_karta) VALUES (10, 47, 1, null, 1, null);
